Site_Id,Calcium_Dissolved_mg_L,Nitrate-Nitrite_N_mg_L,pH_Total_SU,Alkalinity_Total_umol_kg,Temperature_Total_Deg._C,Salinity_psu,Atmospheric_CO2_ppm,Wind_AVG_mph,pCO2_microatm,CO2_Flux_mmol_m2_d,Year,Season,flags,mad_flags
Chassahowitzka,83.33333333333333,0.4266666666666667,7.363333333333333,2867.2560321747064,24.3,2.01666667064031,354.13,8.3,5456.89517,1541.1873833333332,1993,4,,Temperature_Total_Deg._C_mad; 
Chassahowitzka,96.0,0.398,7.314,2933.504666324964,23.825000000000003,2.175000011920929,359.39,7.1,5840.754024,1078.3724660000003,1994,3,,
Chassahowitzka,75.0,0.3958,7.33,2898.835507783736,23.580000000000002,2.1460000395774843,356.09,8.3,6247.891258000001,1786.09082,1994,4,,
Chassahowitzka,76.2,0.3722,7.422,2859.45316571899,22.740000000000002,2.1700000047683714,359.87,8.6,4839.208014,1512.10824,1995,1,,
Chassahowitzka,59.0,0.44733333333333336,7.39,2825.4835625841147,23.5,0.8866666754086813,363.23,9.2,5656.139476666666,2208.6247033333334,1995,2,,
Chassahowitzka,55.5,0.3855,7.4399999999999995,2891.528645307228,24.049999999999997,0.8749999701976776,361.7,7.1,5156.685390000001,957.425745,1995,3,,Temperature_Total_Deg._C_mad; 
Chassahowitzka,52.0,0.4685,7.415000000000001,2841.040101152099,23.35,0.3499999940395355,357.97,8.3,5952.111975,1708.28915,1995,4,,
Chassahowitzka,83.0,0.41480000000000006,7.386,2894.64695895267,23.34,2.051999959349632,363.18,9.1,5446.9664,2040.3776840000003,1996,1,,
Chassahowitzka,52.5,0.4585,7.48,2851.3237962210837,23.049999999999997,0.3999999910593033,364.51,9.2,4958.9773399999995,1924.663375,1996,2,,
Chassahowitzka,64.78,0.437,7.4350000000000005,2870.83320014907,24.049999999999997,0.5249999910593033,363.53,7.1,5488.87918,1025.062115,1996,3,,Temperature_Total_Deg._C_mad; 
Chassahowitzka,54.0,0.4085,7.51,2891.1042613968457,23.9,0.635000005364418,359.54,8.3,4539.13037,1272.16156,1996,4,,Temperature_Total_Deg._C_mad; 
Chassahowitzka,76.4,0.4152,7.390000000000001,2879.788327903052,23.439999999999998,2.585999935865402,363.04,8.6,5028.142754,1566.2298299999998,1997,1,,
Chassahowitzka,85.4,0.4154,7.384,3097.621691709904,23.3,3.420000064373016,366.25,9.2,5104.639392,1956.111856,1997,2,,
Chassahowitzka,71.25,0.4545,7.355,2993.4775069464636,23.95,1.844999998807907,364.32,7.1,5831.518365,1087.158625,1997,3,,Temperature_Total_Deg._C_mad; 
Chassahowitzka,70.2,0.3095,7.41,2953.2392047310886,23.3,1.4750000536441803,360.71,8.3,5216.99653,1476.3532599999999,1997,4,,Nitrate-Nitrite_N_mg_L_mad; 
Chassahowitzka,74.8,0.4074,7.308,2927.259607600995,22.88,2.192000013589859,365.17,8.6,6596.304636000001,2101.5433040000003,1998,1,,
Chassahowitzka,49.75,0.48950000000000005,7.44,2781.2900631351354,23.2,0.32999999821186066,368.61,9.2,5349.88636,2085.61481,1998,2,,
Chassahowitzka,52.25,0.4995,7.485,2890.829934686757,23.45,0.35500000417232513,367.73,7.1,5039.9522799999995,937.1758199999999,1998,3,,
Chassahowitzka,49.1,0.4075,7.425,2790.918248442104,23.5,0.26500000059604645,364.35,8.3,5733.949425,1639.573985,1998,4,,
Chassahowitzka,76.14000000000001,0.4152,7.394,2790.775617987969,23.32,1.9980000376701355,368.09,8.6,5089.382624,1590.936246,1999,1,,
Chassahowitzka,58.1,0.111,7.300000000000001,2791.8822338387945,23.45,0.7099999934434891,370.96,9.2,7487.164135,2970.2673400000003,1999,2,,Nitrate-Nitrite_N_mg_L_mad; 
Chassahowitzka,65.6,0.467,7.37,3360.2514750681657,23.7,0.760000005364418,369.26,7.1,8887.541555,1700.9626050000002,1999,3,,
Chassahowitzka,59.55,0.456,7.46,2841.860027436158,23.35,0.7299999743700027,365.35,8.3,4899.12241,1382.3763800000002,1999,4,,
Chassahowitzka,93.94999999999999,0.43999999999999995,7.38,2921.7660679869196,23.099999999999998,2.8999999463558197,369.23,8.6,5082.5087525,1581.8989775,2000,1,,
Chassahowitzka,84.3,0.5185,7.245,2944.5689006253565,23.450000000000003,2.1100000143051147,371.82,9.2,7318.79335,2885.37128,2000,2,,
Chassahowitzka,87.3,0.452,7.32,2814.9949457921066,23.799999999999997,2.3299999237060547,369.91,7.1,5686.259685,1055.71907,2000,3,,
Chassahowitzka,64.1,0.3335,7.34,2832.6531225365156,22.95,0.9550000131130219,366.99,8.3,6222.2040099999995,1786.19649,2000,4,,
Chassahowitzka,89.14000000000001,0.41419999999999996,7.38,2873.075788659655,22.839999999999996,2.97200003862381,370.52,8.6,4908.397652000001,1524.222414,2001,1,,
Chassahowitzka,79.55000000000001,0.47,7.275,3182.1273379433273,24.1,1.4850000441074371,373.37,9.2,8085.8347699999995,3200.1007799999998,2001,2,CO2_Flux_mmol_m2_d_outlier; ,Temperature_Total_Deg._C_mad; 
Chassahowitzka,90.4,0.39,7.2700000000000005,1588.3652470003567,23.8,3.299999952316284,371.58,7.1,3320.35911,582.89832,2001,3,,Alkalinity_Total_umol_kg_mad; pCO2_microatm_mad; CO2_Flux_mmol_m2_d_mad; 
Chassahowitzka,58.8,0.45745,7.550000000000001,2129.2013703092016,23.049999999999997,0.9850000143051147,368.42,8.3,2855.35657,758.70525,2001,4,,pH_Total_SU_mad; Alkalinity_Total_umol_kg_mad; pCO2_microatm_mad; 
Chassahowitzka,80.59,0.46099999999999997,7.484999999999999,3175.2286593949857,23.099999999999998,2.3824999928474426,372.43,8.6,4576.815445,1414.9217675,2002,1,,
Chassahowitzka,63.0,0.4915,7.39,3027.5086379935838,23.25,1.2149999737739563,375.0,9.2,5757.124385,2244.952205,2002,2,,
Chassahowitzka,66.9,0.48395,7.36,3173.629987141174,23.6,1.454999953508377,374.0,7.1,3767.669465,677.54501,2002,3,,
Chassahowitzka,59.949999999999996,0.489,7.390000000000001,3150.9032854449483,23.95,0.9050000011920929,370.51,8.3,6276.080495,1794.961675,2002,4,,Temperature_Total_Deg._C_mad; 
Chassahowitzka,78.86000000000001,0.4438,7.353999999999999,3210.750215023145,22.779999999999998,2.114000004529953,374.87,8.6,6269.16194,1988.236868,2003,1,,
Chassahowitzka,51.75,0.482,7.345000000000001,2990.7539628063214,23.405,0.45000001788139343,377.73,9.2,7064.64631,2796.554145,2003,2,,
Chassahowitzka,54.25,0.5075000000000001,7.405,2901.3874106401536,22.97,0.4749999940395355,376.72,7.1,5881.04752,1105.71109,2003,3,,
Chassahowitzka,52.85,0.545,7.33,2970.6498375911333,23.36,0.35999999940395355,373.1,8.3,7397.33126,2145.09982,2003,4,,
Chassahowitzka,69.675,0.4965,7.285,2919.2122980130266,22.502499999999998,1.6174999997019768,377.0,8.6,7061.803685,2264.3997425,2004,1,,Temperature_Total_Deg._C_mad; 
Chassahowitzka,57.4,0.5165,7.335,3021.844312592357,22.6,0.7149999737739563,380.43,9.2,6925.06155,2743.1104299999997,2004,2,,
Chassahowitzka,61.125,0.5278499999999999,7.3225,3060.965880155145,23.435000000000002,0.8400000035762787,377.56,7.1,7332.574192499999,1392.38336,2004,3,,
Chassahowitzka,52.9,0.59,7.39,3030.503471483281,23.205,0.32999999821186066,374.44,8.3,6611.86515,1906.283725,2004,4,,
Chassahowitzka,58.62857142857142,0.5403000000000001,7.297142857142858,3063.9548627634017,22.304999999999996,0.9185714295932225,378.47,8.6,7656.628857142858,2480.4679842857145,2005,1,,Temperature_Total_Deg._C_mad; 
Chassahowitzka,47.05,0.585,7.155,3000.5951659008324,23.175,0.3200000002980232,382.2,9.2,11305.73172,4575.220265,2005,2,pCO2_microatm_outlier; CO2_Flux_mmol_m2_d_outlier; ,pCO2_microatm_mad; CO2_Flux_mmol_m2_d_mad; 
Chassahowitzka,52.55,0.615,7.37,2900.445040359927,23.65,0.25999999791383743,378.72,6.9,6790.981734999999,1198.82919,2005,3,,
Chassahowitzka,104.13333333333333,0.48566666666666664,7.07,2967.6078805851052,23.423333333333332,4.119999984900157,382.36,7.1,10186.490683333333,1938.8430833333332,2006,3,pCO2_microatm_outlier; ,pH_Total_SU_mad; pCO2_microatm_mad; 
Chassahowitzka,110.6,0.496,7.12,3041.32166252027,23.3125,4.242499940097332,379.12,8.3,9131.7863775,2630.6521900000002,2006,4,,
Chassahowitzka,100.1,0.4105,7.175000000000001,3064.5939853067684,23.189999999999998,3.8700000643730164,382.93,8.6,8443.53894,2699.4214300000003,2007,1,,
Chassahowitzka,109.425,0.49574999999999997,7.2225,3081.7705310085535,23.04,4.552500009536743,386.41,9.2,6897.8951675,2678.0080375,2007,2,,
Chassahowitzka,112.3,0.4603333333333333,7.083333333333333,3127.293265352408,23.116666666666664,4.763333280881246,384.49,7.1,10088.4772,1917.8944933333332,2007,3,pCO2_microatm_outlier; ,pH_Total_SU_mad; pCO2_microatm_mad; 
Chassahowitzka,104.72,0.483,7.232000000000001,3090.276828140346,23.15,3.1940000295639037,381.14,8.3,7492.741506,2146.8279519999996,2007,4,,
Chassahowitzka,89.675,0.48575,7.28,3098.782169065082,22.832499999999996,2.9525000900030136,385.44,8.6,6710.3919025,2125.8509525,2008,1,,
Chassahowitzka,90.6,0.5075999999999999,7.264,3112.253918045218,22.976,2.9579999685287475,387.16,9.2,6974.196912000001,2728.513902,2008,2,,
Chassahowitzka,110.12,0.4864,7.231999999999999,3135.9397971123094,23.134000000000004,4.259999930858612,385.71,7.1,6994.219316,1303.4847359999999,2008,3,,
Chassahowitzka,103.04,0.5361999999999999,7.328,3059.3214137834225,22.884,3.2159999787807463,382.92,8.3,6128.169006,1736.7016520000002,2008,4,,
Chassahowitzka,92.88,0.5378000000000001,7.276000000000001,3028.809386359254,22.907999999999998,2.9860000371932984,386.94,8.6,6668.917704000001,2111.3110020000004,2009,1,,
Chassahowitzka,104.3,0.51,7.168000000000001,3181.196521390911,23.106,4.944000005722046,389.43,9.2,7879.612974000001,3073.3004759999994,2009,2,,
Chassahowitzka,121.08,0.5082000000000001,7.101999999999999,3161.845726227908,23.200000000000003,4.764000058174133,387.78,7.1,9420.379388,1777.200578,2009,3,,
Chassahowitzka,112.5,0.5476,7.203999999999999,3118.857740915145,23.194,4.510000133514405,384.39,8.3,7469.145968,2124.0381220000004,2009,4,,
Chassahowitzka,93.41999999999999,0.557,7.220000000000001,3089.0181690470977,22.577999999999996,3.171999979019165,388.52,8.6,7676.263238000001,2450.4852920000003,2010,1,,
Chassahowitzka,89.22,0.5494,7.144,3075.571626336713,22.98,2.8320000231266023,392.54,9.2,9440.78069,3754.537046,2010,2,CO2_Flux_mmol_m2_d_outlier; ,CO2_Flux_mmol_m2_d_mad; 
Chassahowitzka,104.52000000000001,0.5688000000000001,7.156000000000001,3003.1583588901244,23.062000000000005,4.085999941825866,390.22,7.1,8302.018358000001,1565.8553560000003,2010,3,,
Chassahowitzka,86.13333333333334,0.5673333333333334,7.169999999999999,3059.8878046077953,23.198333333333334,2.784999909500281,387.2,8.3,9219.596435,2672.3362333333334,2010,4,,
Chassahowitzka,91.675,0.5724999999999999,7.245000000000001,3139.1190444403815,22.816666666666663,2.931666634976864,391.33666666666664,8.683333333333334,7532.140539999999,2471.139816666667,2011,1,,
Chassahowitzka,103.2,0.5438,7.228,3153.0020288529267,23.104,3.6839999556541443,393.32,9.2,7397.924000000001,2890.619828,2011,2,,
Chassahowitzka,108.0,0.5302,7.1259999999999994,3152.6140266428474,23.144,4.040000033378601,392.42,7.1,9199.859044,1741.477504,2011,3,,
Chassahowitzka,96.7,0.577,7.256,3044.0834602690256,22.636000000000003,3.446000075340271,388.96,8.3,6889.288178000001,1963.3728459999998,2011,4,,
Chassahowitzka,82.26666666666665,0.5713333333333334,7.301666666666667,2975.452264848513,22.89,2.880000020066897,393.2033333333333,8.683333333333334,6334.046153333334,2064.0657183333333,2012,1,,
Chassahowitzka,113.92,0.5418,7.212000000000001,3245.877898546163,23.128,5.062000036239624,396.18,9.2,7239.755906,2806.927302,2012,2,,
Chassahowitzka,90.32,0.5154,7.122,3175.5345720848586,23.194,2.953999948501587,394.29,7.1,10215.170252,1952.6133340000001,2012,3,pCO2_microatm_outlier; ,pCO2_microatm_mad; 
Chassahowitzka,73.58000000000001,0.5682,7.212000000000001,3177.5691508638993,23.144,2.109999978542328,391.01,8.3,8826.140234,2559.0311220000003,2012,4,,
Chassahowitzka,70.45,0.5855,7.325,3085.636486829612,23.03666666666666,1.809999977548917,395.54,8.6,6722.557653333333,2135.6983,2013,1,,
Chassahowitzka,90.38000000000001,0.5918,7.2459999999999996,3169.2658792829034,23.088,2.9759999752044677,398.35,9.2,7404.340562,2900.239814,2013,2,,
Chassahowitzka,97.05999999999999,0.556,7.145999999999999,3257.7570852848876,23.2,3.423999881744385,397.2,7.1,9520.841049999999,1809.824178,2013,3,,
Chassahowitzka,86.68,0.5568000000000001,7.225999999999999,3209.2181442526444,23.142000000000003,2.8180000364780424,393.66,8.3,8006.355048,2302.6764540000004,2013,4,,
Chassahowitzka,80.16666666666666,0.5605,7.293333333333333,3155.345040429867,22.900833333333335,2.2366666297117868,397.8,8.6,7117.622179999999,2265.0331633333335,2014,1,,
HOMOSASSA COAST 1,252.0,0.07,7.78,2857.0493777907,19.19,15.89,385.54,8.3,1208.22856,238.2109,2008,1,Calcium_Dissolved_mg_L_outlier; Temperature_Total_Deg._C_outlier; Salinity_psu_outlier; ,
HOMOSASSA COAST 1,243.5,0.066,7.79,2945.1828085893358,25.305,15.3,387.83000000000004,8.899999999999999,1362.46526,366.41744500000004,2008,2,Calcium_Dissolved_mg_L_outlier; Temperature_Total_Deg._C_outlier; Salinity_psu_outlier; ,Alkalinity_Total_umol_kg_mad; 
HOMOSASSA COAST 1,236.5,0.06,7.36,2851.2062981269273,29.285,16.759999999999998,384.94,7.0,3964.8110549999997,654.519525,2008,3,Calcium_Dissolved_mg_L_outlier; Temperature_Total_Deg._C_outlier; Salinity_psu_outlier; ,pH_Total_SU_mad; pCO2_microatm_mad; 
HOMOSASSA COAST 1,248.0,0.031,7.82,3003.2345227597216,21.96,18.03,382.92,8.3,1132.39409,212.37236,2008,4,Calcium_Dissolved_mg_L_outlier; Temperature_Total_Deg._C_outlier; Salinity_psu_outlier; ,Nitrate-Nitrite_N_mg_L_mad; pH_Total_SU_mad; Alkalinity_Total_umol_kg_mad; 
HOMOSASSA COAST 1,141.0,0.114,7.8,2847.6369962502586,18.26,6.57,387.42,9.1,1405.11537,409.12031,2009,1,Calcium_Dissolved_mg_L_outlier; Temperature_Total_Deg._C_outlier; Salinity_psu_outlier; ,Calcium_Dissolved_mg_L_mad; Nitrate-Nitrite_N_mg_L_mad; Salinity_psu_mad; 
HOMOSASSA COAST 2,310.0,0.01,7.909999999999999,2793.250379500214,19.09,22.05,385.54,8.3,793.28792,114.74916,2008,1,Calcium_Dissolved_mg_L_outlier; Temperature_Total_Deg._C_outlier; Salinity_psu_outlier; ,
HOMOSASSA COAST 2,307.5,0.011,7.78,3032.09854241664,24.525,21.43,387.83000000000004,8.899999999999999,1226.26098,288.36262,2008,2,Calcium_Dissolved_mg_L_outlier; Salinity_psu_outlier; ,Alkalinity_Total_umol_kg_mad; 
HOMOSASSA COAST 2,315.5,0.027000000000000003,7.625,2801.9065073351258,28.785,23.865000000000002,384.94,7.0,1641.145,218.444085,2008,3,Calcium_Dissolved_mg_L_outlier; Temperature_Total_Deg._C_outlier; Salinity_psu_outlier; ,Nitrate-Nitrite_N_mg_L_mad; 
HOMOSASSA COAST 2,316.0,0.011,7.8999999999999995,2800.853852162471,21.6,24.57,382.92,8.3,801.71715,115.31773,2008,4,Calcium_Dissolved_mg_L_outlier; Temperature_Total_Deg._C_outlier; Salinity_psu_outlier; ,
HOMOSASSA COAST 2,178.0,0.062,7.74,2923.840563310483,17.84,10.09,387.42,9.1,1501.40522,441.31265,2009,1,Calcium_Dissolved_mg_L_outlier; Temperature_Total_Deg._C_outlier; Salinity_psu_outlier; ,Calcium_Dissolved_mg_L_mad; Nitrate-Nitrite_N_mg_L_mad; Alkalinity_Total_umol_kg_mad; Salinity_psu_mad; 
HOMOSASSA RIVER,61.8,0.501,7.44,2332.763385877672,22.8,1.37,385.54,8.3,3807.99102,1042.81783,2008,1,,
HOMOSASSA RIVER,59.0,0.5445,7.605,2322.4926103615953,23.64,1.47,387.83000000000004,8.899999999999999,2853.445765,977.40814,2008,2,,pH_Total_SU_mad; 
HOMOSASSA RIVER,56.05,0.40449999999999997,7.425,2381.1045638640016,24.990000000000002,1.22,384.94,7.0,4839.80044,839.20739,2008,3,Temperature_Total_Deg._C_outlier; ,Nitrate-Nitrite_N_mg_L_mad; Alkalinity_Total_umol_kg_mad; Temperature_Total_Deg._C_mad; Salinity_psu_mad; 
HOMOSASSA RIVER,53.6,0.497,7.44,2326.511650096066,23.15,1.33,382.92,8.3,3830.2595,1049.05557,2008,4,,
HOMOSASSA RIVER,57.1,0.523,7.6000000000000005,2338.909973632913,22.51,1.37,387.42,9.1,2623.60963,902.66299,2009,1,,pH_Total_SU_mad; 
Homosassa,59.8,0.2966666666666667,7.532000000000001,2194.9719176036024,22.860000000000003,1.336000007390976,355.146,8.219999999999999,3062.034812,802.2160959999999,1993,4,,Nitrate-Nitrite_N_mg_L_mad; 
Homosassa,42.0,0.45999999999999996,7.5200000000000005,2262.1927648873125,24.35,0.2799999937415123,358.405,7.0,3755.97973,656.6913999999999,1994,3,,Temperature_Total_Deg._C_mad; Salinity_psu_mad; 
Homosassa,51.8,0.42299999999999993,7.58,2230.54590836563,23.580000000000002,1.3600000143051147,356.09,8.3,2829.8533959999995,751.666984,1994,4,,
Homosassa,53.2,0.3908,7.3575,2210.525020716997,23.224999999999998,1.0740000158548355,359.87,8.6,5477.8793825,1739.15817,1995,1,,
Homosassa,55.4,0.41079999999999994,7.458,2210.9131961125777,22.740000000000002,1.256000003218651,363.23,9.2,3921.945248,1488.6197940000002,1995,2,,
Homosassa,50.2,0.425,7.580000000000001,2218.195258880033,23.64,1.1680000096559524,361.7,7.1,2887.654822,504.74844599999994,1995,3,,
Homosassa,55.8,0.4418,7.514,2110.4885303870938,23.54,1.2180000215768814,357.97,8.3,3239.589442,877.2477060000001,1995,4,,
Homosassa,50.6,0.4098,7.5920000000000005,2203.3543389594442,22.333333333333332,1.2039999961853027,363.18,9.1,2744.537812,968.318704,1996,1,,Temperature_Total_Deg._C_mad; 
Homosassa,52.8,0.43500000000000005,7.564,2230.3603100505657,23.2,1.1360000193119049,364.51,9.2,2973.825806,1089.70914,1996,2,,
Homosassa,59.722500000000004,0.41879999999999995,7.561999999999999,2233.887606390047,23.860000000000003,1.0960000306367874,363.53,7.1,3098.4014,546.07646,1996,3,,
Homosassa,47.2,0.4574,7.58,2245.9135085210955,23.380000000000003,0.9559999912977218,359.54,8.3,2973.847702,796.786288,1996,4,,
Homosassa,48.8,0.4271999999999999,7.562,2167.0967909286833,22.4,1.2360000222921372,363.04,8.6,2816.1513139999997,832.388724,1997,1,,Temperature_Total_Deg._C_mad; 
Homosassa,47.8,0.4444,7.5600000000000005,2254.2929987041266,23.48,1.2000000149011611,366.25,9.2,3059.9202425000003,1123.436215,1997,2,,
Homosassa,54.080000000000005,0.466,7.55,2190.387480319602,23.86,1.285999983549118,364.32,7.1,2994.883934,524.319042,1997,3,,
Homosassa,57.98,0.4417999999999999,7.542,2230.797291153987,23.660000000000004,1.5279999911785125,360.71,8.3,2962.753818,789.723182,1997,4,,
Homosassa,54.720000000000006,0.4236,7.488000000000001,2294.6466339550934,22.919999999999998,1.3040000021457672,365.17,8.6,3578.6161079999997,1088.587616,1998,1,,
Homosassa,50.71999999999999,0.4215999999999999,7.434,2162.91835738743,22.88,1.175999990105629,368.61,9.2,3991.0945540000002,1516.075902,1998,2,,
Homosassa,53.17999999999999,0.4202,7.556,2130.2207681524756,23.880000000000003,1.103999987244606,367.73,7.1,2957.338096,516.940426,1998,3,,
Homosassa,52.52,0.43499999999999994,7.5040000000000004,2134.589989938743,23.439999999999998,1.2099999845027924,364.35,8.3,3403.5029139999997,925.43637,1998,4,,
Homosassa,52.28000000000001,0.42219999999999996,7.531999999999999,2110.9347662880955,23.019999999999996,1.2359999746084214,368.09,8.6,3003.72246,892.4388859999999,1999,1,,
Homosassa,64.775,0.437,7.5075,2040.4685178579814,23.75,1.6624999791383743,370.96,9.2,2902.1838850000004,1051.09172,1999,2,,Alkalinity_Total_umol_kg_mad; 
Homosassa,59.75,0.413,7.53,2159.7867304812116,24.025000000000002,1.5275000371038914,369.26,7.1,2965.121655,516.6352350000001,1999,3,,
Homosassa,59.349999999999994,0.504,7.484999999999999,2150.0340689940444,23.9,1.6224999465048313,365.35,8.3,3241.7220599999996,871.324975,1999,4,,
Homosassa,61.31999999999999,0.48020000000000007,7.525999999999999,2195.1738239869555,22.72,1.4180000096559524,369.23,8.6,3080.7949259999996,917.8037860000001,2000,1,,
Homosassa,67.46,0.4862,7.523999999999999,2199.5730240421076,23.279999999999998,1.827999997138977,371.82,9.2,2972.0390159999997,1080.9622860000002,2000,2,,
Homosassa,73.125,0.50675,7.5375,2126.0336797323125,24.025,2.242499977350235,369.91,7.1,2696.5546050000003,461.2654325,2000,3,,
Homosassa,69.3,0.499,7.495,2120.989797216219,23.275,1.977500006556511,366.99,8.3,2982.957265,793.218025,2000,4,,
Homosassa,69.32000000000001,0.45039999999999997,7.464,2189.134851334191,21.8,2.1840000212192536,370.52,8.6,3256.95854,978.6582559999999,2001,1,Temperature_Total_Deg._C_outlier; ,Temperature_Total_Deg._C_mad; 
Homosassa,66.175,0.49824999999999997,7.5575,2530.7035889811755,23.175,2.190000005066395,373.37,9.2,3015.0659175,1096.9474725,2001,2,,Alkalinity_Total_umol_kg_mad; 
Homosassa,71.26666666666667,0.4493333333333333,7.433333333333334,2401.398906816643,23.7,1.7233332991600037,371.58,7.1,3965.088433333333,715.6380433333334,2001,3,,
Homosassa,58.650000000000006,0.50105,7.5925,2195.5869290086916,23.450000000000003,1.8674999698996544,368.42,8.3,2498.711285,645.693505,2001,4,,
Homosassa,60.535000000000004,0.5218,7.586,2256.6164031323447,23.360000000000003,1.6840000033378602,372.43,8.6,2667.313016,773.1598259999998,2002,1,,
Homosassa,55.73333333333333,0.5303333333333334,7.5,2268.0612243293913,23.333333333333332,1.4333333571751912,375.0,9.2,3330.0208399999997,1230.0091333333332,2002,2,,
Homosassa,53.26666666666667,0.5437,7.486666666666667,2394.081046637139,23.5,1.303333322207133,374.0,7.1,3632.192196666667,650.7861800000001,2002,3,,
Homosassa,57.39999999999999,0.5455,7.5325,2339.9216423927605,23.637500000000003,1.7525000274181366,370.51,8.3,3066.5390975,817.2786825,2002,4,,
Homosassa,49.550000000000004,0.5318,7.4239999999999995,2418.6216208115147,22.532000000000004,1.3300000071525573,374.87,8.6,4407.788414000001,1368.654346,2003,1,,Temperature_Total_Deg._C_mad; 
Homosassa,58.15,0.5402499999999999,7.39,2330.3898860390327,23.426666666666666,1.6849999949336052,377.73,9.2,4289.3885549999995,1632.3118274999997,2003,2,,
Homosassa,53.14,0.49420000000000003,7.492,2266.3995166999875,23.774,1.3779999762773514,376.72,7.1,3427.0460980000003,608.331322,2003,3,,
Homosassa,53.900000000000006,0.50175,7.475,2129.998990277449,23.490000000000002,1.4550000131130219,373.1,8.3,3337.7875725,900.6503650000001,2003,4,,
Homosassa,51.459999999999994,0.5142,7.42,2246.825337861398,22.628,1.2480000108480453,377.0,8.6,4119.87397,1268.729846,2004,1,,
Homosassa,56.175,0.522,7.4675,2185.036432040557,23.185,1.4549999721348286,380.43,9.2,3473.976455,1288.9123575,2004,2,,
Homosassa,56.714285714285715,0.5562,7.37,2284.2041895535635,23.601428571428574,1.470000030738967,377.3957142857143,7.071428571428571,4510.130537142857,815.8585385714284,2004,3,,
Homosassa,57.224999999999994,0.5630499999999999,7.32,2226.0996589064102,23.48,1.6049999631941319,374.44,8.3,5029.504999999999,1413.0160799999999,2004,4,,
Homosassa,53.91111111111112,0.5403666666666666,7.356666666666667,2286.693084736697,23.063333333333333,1.4633333368433847,378.90000000000003,8.766666666666666,4698.705616666667,1557.7728455555553,2005,1,,
Homosassa,49.675,0.5211250000000001,7.225,2190.295878104427,23.1575,1.452499981969595,382.2,9.2,6229.033777500001,2436.0583425000004,2005,2,,CO2_Flux_mmol_m2_d_mad; 
Homosassa,50.17999999999999,0.5356,7.367500000000001,2170.467002470853,23.785999999999998,1.0580000311136246,379.54,6.9799999999999995,5778.093274000001,1028.556246,2005,3,,
Homosassa,38.8,0.563,7.54,2158.9066875485205,23.3,0.1599999964237213,376.81,8.3,3511.55829,958.4003,2005,4,,Calcium_Dissolved_mg_L_mad; Salinity_psu_mad; 
Homosassa,38.5,0.56,7.48,2188.867178102229,23.22,0.17000000178813934,381.38,8.6,4070.85027,1253.23329,2006,1,,Calcium_Dissolved_mg_L_mad; Salinity_psu_mad; 
Homosassa,38.3,0.58,7.49,2234.3977067927967,23.81,0.17000000178813934,384.78,9.2,4091.60129,1549.7302,2006,2,,Calcium_Dissolved_mg_L_mad; Salinity_psu_mad; 
Homosassa,52.675,0.5385,7.257499999999999,2199.868188783947,23.91,1.3250000029802322,382.36,7.1,6096.033262499999,1140.5693975,2006,3,,
Homosassa,38.8,0.6,7.5,2208.7729239291057,23.37,0.20000000298023224,379.12,8.3,3886.8695,1071.94148,2006,4,,Calcium_Dissolved_mg_L_mad; Salinity_psu_mad; 
Homosassa,62.1,0.559,7.36,2261.303466494283,23.113333333333333,1.6900000274181366,382.93,8.6,4461.6466,1376.39884,2007,1,,
Homosassa,63.4,0.5733333333333334,7.37,2261.9368135023997,23.496666666666666,1.8000000516573589,386.41,9.2,4333.213786666666,1640.5848433333333,2007,2,,
Homosassa,60.760000000000005,0.5946,7.248,2354.550826092126,23.375999999999998,1.4880000233650208,383.482,7.019999999999999,6287.441156000001,1147.5369640000001,2007,3,,pCO2_microatm_mad; 
Homosassa,62.025,0.6154999999999999,7.335000000000001,2273.225805210272,23.502499999999998,1.7900000289082527,381.14,8.3,4696.6583175,1308.3622699999999,2007,4,,
Homosassa,66.875,0.599,7.2975,2337.438455976756,22.755,2.0275000631809235,385.44,8.6,5174.7365675,1617.6009075000002,2008,1,,
Homosassa,63.55,0.6085,7.3675,2329.365070288919,22.55,1.9074999615550041,387.16,9.2,4358.689925000001,1656.14828,2008,2,,Temperature_Total_Deg._C_mad; 
Homosassa,66.9,0.5866666666666668,7.258333333333334,2375.1545733790667,23.505,1.520000010728836,385.71,7.1,6015.725281666666,1123.2567083333333,2008,3,,
Homosassa,60.525000000000006,0.57775,7.295,2256.357515873706,23.265,1.7549999505281448,382.92,8.3,5177.3193525,1455.6657675,2008,4,,
Homosassa,58.849999999999994,0.5625,7.39,2265.3044356554155,22.215000000000003,1.7224999740719795,386.94,8.6,4215.4970925,1298.76358,2009,1,,Temperature_Total_Deg._C_mad; 
Homosassa,66.475,0.57275,7.4125,2320.085043482214,23.4375,2.3000000044703484,389.43,9.2,3834.0568375000003,1428.3469675000001,2009,2,,Salinity_psu_mad; 
Homosassa,67.46666666666665,0.626,7.3999999999999995,2387.394069703428,23.601666666666663,1.5183333059151967,387.78,7.1,4599.412493333333,841.1590249999999,2009,3,,
Homosassa,66.925,0.608,7.365,1985.4041642362786,23.220000000000002,1.9949999675154686,384.39,8.3,3843.2305275000003,1048.49822,2009,4,,Alkalinity_Total_umol_kg_mad; 
Homosassa,67.52499999999999,0.6114999999999999,7.465,2303.859757126057,22.15,2.187500014901161,388.52,8.6,3340.6327375,1000.92535,2010,1,,Temperature_Total_Deg._C_mad; 
Homosassa,64.82499999999999,0.6242500000000001,7.385,2262.5155894827394,23.665,1.9899999797344208,392.54,9.2,4192.5041375,1578.5243075,2010,2,,
Homosassa,58.666666666666664,0.6028333333333333,7.305,2255.9964947660483,23.846666666666668,1.3766666501760483,390.22,7.1,5238.127703333333,967.1294833333333,2010,3,,
Homosassa,59.95,0.5867500000000001,7.3225,2255.903844214378,23.075000000000003,1.7274999842047691,387.2,8.3,5190.5063675,1458.5452825,2010,4,,
Homosassa,63.3,0.6075,7.4125,2323.848000467594,22.677500000000002,1.9349999725818634,391.24,8.6,3931.2000225,1195.8305125,2011,1,,
Homosassa,68.12857142857142,0.6154285714285715,7.308571428571428,2253.06284385155,23.33142857142857,2.2971428760460446,392.9642857142857,9.285714285714288,4769.783442857143,1865.2356671428572,2011,2,,Salinity_psu_mad; 
Homosassa,63.26666666666667,0.629,7.278333333333333,2429.7746045919425,23.77333333333333,1.4800000141064327,392.42,7.1,6179.881965,1155.517385,2011,3,,
Homosassa,66.25,0.6665000000000001,7.2975,2230.7000642941284,23.522499999999997,2.0250000059604645,388.96,8.3,5123.9996425,1436.91271,2011,4,,
Homosassa,66.125,0.66075,7.317500000000001,2235.5425185813533,22.7975,2.2950000017881393,393.12,8.6,4591.5937475,1415.38175,2012,1,,Salinity_psu_mad; 
Homosassa,71.44999999999999,0.66,7.242500000000001,2369.416224610813,23.4625,2.5399999618530273,396.18,9.2,5842.3447925,2254.5436,2012,2,,Salinity_psu_mad; CO2_Flux_mmol_m2_d_mad; 
Homosassa,60.46666666666666,0.6676666666666667,7.345,2433.6391948063797,23.415000000000003,1.4749999990065892,394.29,7.1,5360.895735000001,992.5985516666666,2012,3,,Alkalinity_Total_umol_kg_mad; 
Homosassa,52.525,0.6645000000000001,7.327500000000001,2408.949511479524,24.0025,1.6875,391.01,8.3,5179.6850425,1451.0819000000001,2012,4,,
Homosassa,64.0,0.654,7.4475,2360.48536562727,22.8025,1.8149999976158142,395.54,8.6,3749.0036925,1132.6461975,2013,1,,
Homosassa,64.1,0.65225,7.442500000000001,2353.305882752888,23.3425,2.1400000005960464,398.35,9.2,3697.19699,1369.19643,2013,2,,
Homosassa,56.15,0.6593333333333334,7.280000000000001,2498.392958638943,23.74,1.354999989271164,397.2,7.1,6304.205383333333,1179.9134066666668,2013,3,,Alkalinity_Total_umol_kg_mad; pCO2_microatm_mad; 
Homosassa,57.8,0.65675,7.397500000000001,2373.9880015516515,23.782500000000002,1.5825000330805779,393.66,8.3,4365.18822,1204.4413875,2013,4,,
Homosassa,55.74999999999999,0.655,7.3925,2367.937454102385,22.76,1.5000000074505806,397.8,8.6,4371.507369999999,1344.4001725,2014,1,,
Kings Bay,40.0,0.20600000000000002,7.858,2108.6964262935508,23.6,0.6700000077486026,355.68,9.1,1869.7673200000002,611.050782,1991,1,,
Kings Bay,42.714285714285715,0.1757142857142857,7.602857142857142,2216.492644406296,23.785714285714285,0.7314285784959793,358.51,9.2,3413.639608571429,1273.6837685714288,1991,2,,
Kings Bay,37.42857142857143,0.2214285714285714,7.784285714285715,1704.3060526756533,23.714285714285715,0.5142857283353806,356.12,7.1,1635.4716885714286,256.0160985714286,1991,3,,Alkalinity_Total_umol_kg_mad; 
Kings Bay,38.57142857142857,0.21,7.457142857142857,2188.274868567786,24.071428571428573,0.40999999323061537,353.79,8.3,4695.51687,1323.0142785714286,1991,4,,
Kings Bay,48.5,0.115,7.4350000000000005,2595.349641821257,22.75,0.6949999928474426,356.55,8.85,8382.275145,414.43921,1992,1,,Nitrate-Nitrite_N_mg_L_mad; Alkalinity_Total_umol_kg_mad; pCO2_microatm_mad; 
Kings Bay,38.0,,7.82,2035.932466872954,23.75,0.4166666592160861,354.91,6.9,1754.2148800000002,260.9660933333334,1992,3,,
Kings Bay,45.2,0.21000000000000002,7.837999999999999,1938.0649090340492,24.68,0.7399999916553497,359.39,7.1,1798.765974,286.585192,1994,3,,Temperature_Total_Deg._C_mad; 
Kings Bay,42.8,0.2,7.74,1886.6517399979416,23.120000000000005,0.5960000023245812,359.87,8.6,1916.5205740000001,527.210598,1995,1,,
Kings Bay,37.25,0.21725,7.625,1774.2415327080766,23.699999999999996,0.3049999922513962,363.23,9.2,2972.923525,1089.909615,1995,2,,
Kings Bay,34.75,0.21725,7.715,1754.0805283208888,24.25,0.3100000061094761,361.7,7.1,2107.18557,348.97400500000003,1995,3,,
Kings Bay,37.75,0.251,7.7625,1793.6857447877792,24.53333333333333,0.32249999418854713,357.97,8.3,1903.3420824999998,469.6265875,1995,4,,Temperature_Total_Deg._C_mad; 
Kings Bay,43.0,0.2596,7.795999999999999,1922.8133612690574,22.440000000000005,0.5939999908208847,363.18,9.1,1780.381054,572.7853659999998,1996,1,,Temperature_Total_Deg._C_mad; 
Kings Bay,39.5,0.1925,7.9,1963.8416675908634,23.55,0.39499999582767487,364.51,9.2,1670.5359349999999,545.6124100000001,1996,2,,
Kings Bay,40.8,0.191,7.6899999999999995,1973.5977165842883,24.0,0.4050000086426735,363.53,7.1,2248.9833,377.14396,1996,3,,
Kings Bay,44.0,0.1875,7.6850000000000005,1914.4218150427275,23.8,0.7700000256299973,359.54,8.3,2121.85432,535.89852,1996,4,,
Kings Bay,41.8,0.21719999999999998,7.694,1902.5167863126942,23.9,0.7399999737739563,363.04,8.6,2196.76358,618.639218,1997,1,,
Kings Bay,41.2,0.209,7.608,1998.4019461088315,23.94,0.8280000209808349,366.25,9.2,3152.300202,1156.900082,1997,2,,
Kings Bay,53.11666666666667,0.21633333333333335,7.420000000000001,2349.4314333510847,23.73333333333333,2.1100000192721686,363.62999999999994,7.033333333333334,4111.0730533333335,721.2755966666667,1997,3,,Salinity_psu_mad; 
Kings Bay,48.099999999999994,0.192,7.625,1954.576127944816,23.85,0.8499999791383743,360.71,8.3,2595.9003350000003,678.8279200000001,1997,4,,
Kings Bay,41.44,0.2318,7.646000000000001,1974.3605364937866,23.26,0.626000015437603,365.17,8.6,2570.753164,746.5635880000001,1998,1,,
Kings Bay,36.65,0.184,7.615,1873.9607533053775,23.65,0.32499999552965164,368.61,9.2,2570.20138,920.17433,1998,2,,
Kings Bay,37.65,0.20400000000000001,7.675000000000001,1814.0302019545015,23.9,0.3149999976158142,367.73,7.1,2192.842005,365.39218000000005,1998,3,,
Kings Bay,36.6,0.201,7.475,1853.9553630894752,23.85,0.3450000062584877,364.35,8.3,4048.3704199999997,1122.193275,1998,4,,
Kings Bay,40.38,0.24400000000000005,7.694,1846.4116056746686,23.660000000000004,0.522000002861023,368.09,8.6,2170.437258,609.628246,1999,1,,
Kings Bay,43.85,0.254,7.66,1964.1496884207622,23.6,0.5700000077486038,370.96,9.2,2574.875775,919.892135,1999,2,,
Kings Bay,41.8,0.2105,7.8549999999999995,1875.85506980434,24.35,0.45499999821186066,369.26,7.1,1599.3589299999999,245.669245,1999,3,,
Kings Bay,43.8,0.26,7.705,1851.3185384700694,23.95,0.5850000083446503,365.35,8.3,2110.663495,530.744675,1999,4,,
Kings Bay,50.58,0.1648,7.678,1967.1534942175251,23.52,0.8599999815225601,369.23,8.6,2342.8942340000003,665.849172,2000,1,,
Kings Bay,52.4,0.24,7.6933333333333325,1994.650120958221,23.5,0.8500000387430191,371.82,9.2,2231.5505366666666,774.5252700000001,2000,2,,
Kings Bay,73.75,0.3155,7.5649999999999995,2148.167403606266,23.7,1.8600000143051147,369.91,7.1,3109.1736,543.02781,2000,3,,Calcium_Dissolved_mg_L_mad; Salinity_psu_mad; 
Kings Bay,42.650000000000006,0.28500000000000003,7.725,1864.333473811258,23.65,0.5300000086426735,366.99,8.3,1969.44504,488.215675,2000,4,,
Kings Bay,51.46,0.256,7.884,1965.9652547576156,23.2,1.1680000007152558,370.52,8.6,1619.1921379999999,419.4719080000001,2001,1,,
Kings Bay,51.15,0.265,7.655,2262.782286083394,23.85,0.9200000166893005,373.37,9.2,2816.00159,1015.71282,2001,2,,
Kings Bay,69.75,0.28049999999999997,7.605,2345.664112386336,23.8,1.8550000488758087,371.58,7.1,3010.98299,523.014315,2001,3,,Calcium_Dissolved_mg_L_mad; Salinity_psu_mad; 
Kings Bay,41.3,0.2785,7.74,1197.023250695146,22.95,0.675000011920929,368.42,8.3,1423.020135,321.426595,2001,4,,Alkalinity_Total_umol_kg_mad; 
Kings Bay,50.89,0.2546,7.656000000000001,2203.8046690026367,23.380000000000003,1.1959999948740005,372.43,8.6,2739.32683,797.50728,2002,1,,
Kings Bay,46.05,0.2895,7.6899999999999995,2104.0189149628973,23.950000000000003,0.8199999779462814,375.0,9.2,2432.241795,856.44545,2002,2,,
Kings Bay,54.85,0.308925,7.630000000000001,1427.920413260876,23.6,1.5150000005960464,374.0,7.1,2229.93962,367.32674499999996,2002,3,,Alkalinity_Total_umol_kg_mad; Salinity_psu_mad; 
Kings Bay,41.733333333333334,0.31983333333333336,7.633333333333333,1976.143150135865,23.933333333333334,0.6600000013907751,370.51,8.3,2796.195063333333,736.1023633333334,2002,4,,
Kings Bay,46.120000000000005,0.25129999999999997,7.558,2142.3102927635887,23.186,0.9759999871253967,374.87,8.6,3295.883562,985.851672,2003,1,,
Kings Bay,41.95,0.26575,7.525,2165.502173930854,23.61,0.5699999928474426,377.73,9.2,3648.13776,1364.54735,2003,2,,
Kings Bay,35.675,0.2495,7.6,1889.179739531347,24.0175,0.2999999988824129,376.72,7.1,3137.0599224999996,551.9015099999999,2003,3,,
Kings Bay,39.05,0.27149999999999996,7.6450000000000005,1926.9329901815322,23.445,0.3499999940395355,373.1,8.3,2602.3613100000002,680.183655,2003,4,,
Kings Bay,39.779999999999994,0.27169999999999994,7.581999999999999,1967.9246363869795,23.07,0.534000001847744,377.0,8.6,3231.047742,967.0010999999998,2004,1,,
Kings Bay,43.3,0.27975,7.47,2034.0540490313915,23.49,0.6049999892711639,380.43,9.2,3933.92208,1483.621015,2004,2,,
Kings Bay,49.400000000000006,0.26705,7.635,2133.138107961182,23.9625,0.867500014603138,377.56,7.1,2785.8494125,480.3684825,2004,3,,
Kings Bay,37.9,0.305,7.675000000000001,1953.7387406343887,23.445,0.3050000071525574,374.44,8.3,2552.918055,664.434315,2004,4,,
Kings Bay,39.32857142857143,0.2866142857142857,7.65712857142857,2050.266361853835,22.832857142857144,0.4442857099430902,378.47,8.6,2570.9079828571425,744.3219571428572,2005,1,,
Kings Bay,31.45,0.3,7.390000000000001,1963.9802979211067,23.305,0.3999999910593033,382.2,9.2,4417.19553,1688.1592349999999,2005,2,,
Kings Bay,46.1,0.22566666666666668,7.466666666666666,2161.6551365130367,23.55666666666667,0.6533333038290342,380.08666666666664,7.033333333333334,4066.7432900000003,725.56459,2005,3,,
Kings Bay,61.75,0.2445,7.26,2325.5095241934755,23.83,1.8000000268220901,382.36,7.1,5979.33056,1112.960225,2006,3,,pH_Total_SU_mad; Salinity_psu_mad; pCO2_microatm_mad; 
Kings Bay,69.2,0.20199999999999999,7.04,2785.179353941425,24.150000000000002,1.919999971985817,384.49,7.1,10452.608773333333,1984.9273666666666,2007,3,pCO2_microatm_outlier; ,Calcium_Dissolved_mg_L_mad; pH_Total_SU_mad; Alkalinity_Total_umol_kg_mad; Salinity_psu_mad; pCO2_microatm_mad; CO2_Flux_mmol_m2_d_mad; 
Kings Bay,53.833333333333336,0.2655,7.526666666666666,2070.860336327731,23.356666666666666,1.2900000313917797,381.14,8.3,3566.93764,963.6057933333333,2007,4,,
Kings Bay,56.4,0.30725,7.546666666666667,2195.258197612941,22.935000000000002,1.2900000115235646,385.4566666666667,8.549999999999999,3330.858135,973.783265,2008,1,,
Kings Bay,54.199999999999996,0.30483333333333335,7.449999999999999,2179.10590677368,23.266,1.0966666663686435,387.3833333333334,9.1,4516.867335,1651.809405,2008,2,,
Kings Bay,61.714285714285715,0.28928571428571426,7.437142857142858,2266.1988435021394,23.44666666666667,1.578571434531893,385.71,7.1,3991.9095971428574,717.0278371428573,2008,3,,Salinity_psu_mad; 
Kings Bay,46.85,0.2891666666666666,7.523333333333334,2091.202540612208,23.191666666666666,0.8983333309491476,382.92,8.3,3393.7293616666666,916.3192599999999,2008,4,,
Kings Bay,52.333333333333336,0.31950000000000006,7.580000000000001,2111.228741560251,23.166,0.9300000096360842,386.99500000000006,8.549999999999999,3134.2486283333333,906.9706633333332,2009,1,,
Kings Bay,61.10000000000001,0.29614285714285715,7.522857142857143,2281.5339194240205,22.92142857142857,1.264285690018109,389.3342857142857,9.22857142857143,3908.3736357142857,1512.095972857143,2009,2,,
Kings Bay,58.871428571428574,0.295875,7.438571428571429,2383.809728935555,23.55625,1.1457142744745528,387.9899999999999,7.200000000000001,3106.4157166666664,1068.452392857143,2009,3,,
Kings Bay,63.45714285714286,0.32028571428571423,7.402857142857142,2280.4627719026453,23.211999999999996,1.5000000042574746,384.4471428571428,8.2,4610.826368571428,1253.199897142857,2009,4,,Calcium_Dissolved_mg_L_mad; Salinity_psu_mad; 
Kings Bay,50.3,0.3762,7.609999999999999,2109.3552332063437,23.212,1.1019999980926514,388.52,8.6,3049.317862,897.134274,2010,1,,
Kings Bay,50.77142857142858,0.31157142857142855,7.49,2177.83262460636,23.101428571428574,0.9471428649766105,392.40142857142854,9.142857142857142,3642.009258571429,1318.0985557142856,2010,2,,
Kings Bay,54.16153846153846,0.3112857142857143,7.415,2206.1702225965632,23.498461538461534,0.8141666656980912,390.21785714285727,7.1428571428571415,4977.156278571429,940.9736935714284,2010,3,,
Kings Bay,47.31111111111111,0.3214444444444445,7.505555555555556,2119.781045029647,23.168888888888887,0.8577777817845345,387.15888888888884,8.222222222222221,4064.3495466666664,1079.5500766666667,2010,4,,
Kings Bay,44.17142857142858,0.3631428571428571,7.508571428571428,2076.607825653792,23.032857142857143,0.7771428472229412,391.24,8.6,3863.3468514285714,1174.821692857143,2011,1,,
Kings Bay,43.77142857142858,0.3772857142857143,7.548571428571429,2022.6562280349806,23.248571428571427,0.6928571398769107,393.32,9.2,3105.5197914285714,1131.9841971428573,2011,2,,
Kings Bay,52.27272727272727,0.3294615384615384,7.345384615384616,2394.8687922456925,23.25923076923077,1.0209090784192085,392.42,7.1,5969.465455384616,1102.1640207692308,2011,3,,pCO2_microatm_mad; 
Kings Bay,53.02499999999999,0.368375,7.5325,2088.2041987512853,23.0425,1.0124999936670065,388.96,8.3,3527.4333874999998,953.7128025,2011,4,,
Kings Bay,53.612500000000004,0.390875,7.455,2076.0374220577314,23.16625,1.0487500121816993,393.12,8.6,4024.35371375,1224.38768125,2012,1,,
Kings Bay,52.9,0.3765,7.41,2318.3830285357026,23.146250000000002,0.980000010558537,396.18,9.2,4831.10402375,1840.53012375,2012,2,,CO2_Flux_mmol_m2_d_mad; 
Kings Bay,56.77692307692307,0.3416153846153846,7.383076923076922,2283.3449838859265,23.293076923076924,1.1099999745686848,394.29,7.1,5562.875331538463,1027.137113076923,2012,3,,
Kings Bay,36.9625,0.37575,7.4675,2086.0334506314016,23.235,0.49500000197440386,391.01,8.3,3229.312921428572,1483.5544275000002,2012,4,,
Kings Bay,44.625,0.36575,7.49,2103.924155171656,23.208750000000002,0.5787499975413084,395.54,8.6,4377.50711375,1348.5460837499998,2013,1,,
Kings Bay,46.625,0.368375,7.46,2144.722794901231,23.38375,0.8137499913573265,398.35,9.2,5343.001139999999,1169.8843683333332,2013,2,,
Kings Bay,52.11666666666667,0.34138461538461534,7.489230769230771,2392.352927346136,23.272307692307688,0.761818180707368,397.2,7.1,4516.063756153845,817.7690276923076,2013,3,,
Kings Bay,49.4875,0.324625,7.45625,2147.142338702667,23.43,0.69000000692904,393.66,8.3,4406.40466875,1221.22033375,2013,4,,
Kings Bay,43.9125,0.3526250000000001,7.4624999999999995,2150.7911591127313,23.090000000000003,0.6625000052154064,397.8,8.6,4470.08010875,1379.3944862500002,2014,1,,
Rainbow,41.5,0.0025,7.626666666666666,1973.3263000952172,23.6,0.11500000115483999,354.13,8.3,2865.795065,767.7736725,1993,4,,Nitrate-Nitrite_N_mg_L_mad; 
Rainbow,38.583333333333336,0.8473,7.751666666666666,1867.1288249344655,23.358333333333334,0.11000000157703956,358.93,8.7,2576.5128566666663,793.9689891666667,1994,1,,
Rainbow,37.4,1.05,7.864,1666.3406896606848,23.580000000000002,0.10000000074505806,361.32,9.2,1719.3320639999997,568.266724,1994,2,,pH_Total_SU_mad; Alkalinity_Total_umol_kg_mad; Salinity_psu_mad; 
Rainbow,39.0,0.9566666666666667,7.726666666666667,1813.346146865041,23.85,0.10999999816219012,359.39,7.1,2753.101453333333,478.00462666666664,1994,3,,Temperature_Total_Deg._C_mad; 
Rainbow,36.5,0.8867499999999999,7.779999999999999,1699.189247943537,23.6,0.08750000037252903,356.09,8.3,2325.2615225,601.0803175,1994,4,,Alkalinity_Total_umol_kg_mad; Salinity_psu_mad; 
Rainbow,41.166666666666664,1.0154999999999998,7.606666666666666,1923.5037947690123,23.533333333333335,0.1100000012665987,361.76,9.4,4147.972426666667,1699.864195,1995,2,,
Rainbow,39.0,0.9948,7.744,1921.3261797897624,23.98,0.11200000271201134,361.7,7.1,2532.319628,435.23415800000004,1995,3,,Temperature_Total_Deg._C_mad; 
Rainbow,37.4,1.0128,7.8,1853.8527559550748,23.36,0.10800000205636025,357.97,8.3,2459.657344,643.0015080000001,1995,4,,
Rainbow,40.2,1.1548,7.676,2009.4221961115788,23.080000000000002,0.1180000014603138,363.18,9.1,2980.987234,1059.732862,1996,1,Nitrate-Nitrite_N_mg_L_outlier; ,
Rainbow,42.0,1.06625,7.695,2053.262574722566,23.224999999999998,0.1175000024959445,364.51,9.2,3390.65157,1268.8686874999999,1996,2,Nitrate-Nitrite_N_mg_L_outlier; ,
Rainbow,34.8,1.3708,7.754,1901.7383942953572,23.26,0.10600000098347664,359.54,8.3,2820.427516,753.230362,1996,4,Nitrate-Nitrite_N_mg_L_outlier; ,
Rainbow,34.833333333333336,0.9560000000000001,7.755,1817.2643007559764,23.45,0.10833333370586236,364.09,9.1,2555.778248333333,886.7486083333334,1997,1,,
Rainbow,33.0,0.9179999999999999,7.624,1854.00247321078,22.939999999999998,0.10800000205636025,366.25,9.2,3739.9889219999995,1415.377728,1997,2,,Calcium_Dissolved_mg_L_mad; 
Rainbow,35.42,0.9446,7.712000000000001,1933.4837025424902,23.6,0.10800000205636025,365.55,7.9,3146.681216,738.9009480000001,1997,3,,
Rainbow,34.9,0.8423999999999999,7.814,1813.7860052814103,23.759999999999998,0.10799999982118606,360.71,8.3,2435.152854,633.360884,1997,4,,pH_Total_SU_mad; Temperature_Total_Deg._C_mad; 
Rainbow,37.4,0.9943333333333332,7.766666666666667,1910.485211817597,23.01666666666667,0.1083333349476258,365.17,8.6,2458.7132800000004,712.3075333333333,1998,1,,
Rainbow,35.125,0.8605,7.617500000000001,1764.0262835595868,23.525,0.1025000000372529,368.61,9.2,3554.9423050000005,1333.232075,1998,2,,
Rainbow,37.019999999999996,0.9989999999999999,7.764,1793.9036656345634,23.660000000000004,0.10800000205636025,367.73,7.1,2406.283812,409.023944,1998,3,,Temperature_Total_Deg._C_mad; 
Rainbow,33.52,,7.483999999999999,1774.1036988856686,23.380000000000003,0.10800000205636025,364.35,8.3,4527.3272,1273.17096,1998,4,,Calcium_Dissolved_mg_L_mad; 
Rainbow,36.083333333333336,0.9291666666666668,7.696666666666665,1774.284752450121,22.933333333333334,0.10666666800777118,368.09,8.6,2777.1235416666664,819.786125,1999,1,,
Rainbow,42.4,1.079,7.6425,2023.3200146572626,23.275,0.11500000208616257,370.96,9.2,3201.6012775,1186.443415,1999,2,Nitrate-Nitrite_N_mg_L_outlier; ,
Rainbow,42.425,1.42575,7.6625,2092.862122415621,23.5,0.12250000238418579,369.26,7.1,3004.0159525,528.874765,1999,3,Nitrate-Nitrite_N_mg_L_outlier; ,
Rainbow,45.150000000000006,1.1575,7.6375,2052.1403585684043,23.475,0.11750000156462193,365.35,8.3,3196.0811949999998,865.4188775,1999,4,Nitrate-Nitrite_N_mg_L_outlier; ,
Rainbow,42.266666666666666,1.1621666666666666,7.704999999999999,1929.070883055958,23.033333333333335,0.11166666634380817,369.23,8.6,2895.4305916666667,858.9767466666667,2000,1,Nitrate-Nitrite_N_mg_L_outlier; ,
Rainbow,47.120000000000005,1.2334,7.7379999999999995,2099.447398274899,23.360000000000003,0.12199999988079072,371.82,9.2,2497.097312,890.5892099999999,2000,2,Nitrate-Nitrite_N_mg_L_outlier; ,
Rainbow,49.349999999999994,1.295,7.6475,2130.390737124439,23.475,0.12999999709427357,369.91,7.1,3277.4850875,583.9412925,2000,3,Nitrate-Nitrite_N_mg_L_outlier; ,Calcium_Dissolved_mg_L_mad; 
Rainbow,40.474999999999994,1.1705,7.5575,2023.8134069893263,23.374999999999996,0.12250000052154064,366.99,8.3,4230.9737425,1182.2779449999998,2000,4,Nitrate-Nitrite_N_mg_L_outlier; ,
Rainbow,39.699999999999996,1.2106666666666668,7.68,1955.621988958262,23.11666666666667,0.11166666634380817,370.52,8.6,3077.8848350000003,920.5324999999999,2001,1,Nitrate-Nitrite_N_mg_L_outlier; ,
Rainbow,45.95,1.5385,7.6375,2225.697076560469,23.25,0.13000000081956387,372.5,9.4,3441.204025,1379.718335,2001,2,Nitrate-Nitrite_N_mg_L_outlier; ,
Rainbow,45.85,1.14625,7.585,2393.619313711385,23.275,0.13249999843537807,371.58,7.1,4400.6002375,809.518975,2001,3,Nitrate-Nitrite_N_mg_L_outlier; ,
Rainbow,45.325,1.13795,7.5225,2172.82842040267,23.325,0.1274999976158142,368.42,8.3,4514.01798,1267.9583825,2001,4,Nitrate-Nitrite_N_mg_L_outlier; ,
Rainbow,40.775,1.0999999999999999,7.75,1925.3589977809281,23.25,0.11333333142101765,372.43,8.6,1771.0643916666666,475.0993866666667,2002,1,Nitrate-Nitrite_N_mg_L_outlier; ,
Rainbow,44.225,1.17175,7.58,2290.82130739887,23.5,0.125,375.0,9.2,4183.471125,1594.68236,2002,2,Nitrate-Nitrite_N_mg_L_outlier; ,
Rainbow,46.475,1.1365500000000002,7.590000000000001,2405.7220645259267,23.666666666666668,0.1274999976158142,374.0,7.1,4402.015515,807.9671575,2002,3,Nitrate-Nitrite_N_mg_L_outlier; ,Temperature_Total_Deg._C_mad; 
Rainbow,45.2,1.214,7.58,2372.182978691517,23.3225,0.12999999709427357,370.51,8.3,4515.953670000001,1267.971295,2002,4,Nitrate-Nitrite_N_mg_L_outlier; ,
Rainbow,39.65,1.1206666666666667,7.713333333333334,2099.6833769054692,22.759999999999994,0.11499999773999055,374.87,8.6,3386.2918916666663,1025.8618966666668,2003,1,Nitrate-Nitrite_N_mg_L_outlier; ,
Rainbow,44.8,1.1055000000000001,7.5375000000000005,2334.736487367478,23.425,0.12999999895691872,377.73,9.2,5014.304892499999,1941.904705,2003,2,Nitrate-Nitrite_N_mg_L_outlier; ,
Rainbow,43.440000000000005,1.072,7.401999999999999,2216.4038303913903,23.838,0.12399999722838402,376.72,7.1,6371.599304,1202.2133039999999,2003,3,Nitrate-Nitrite_N_mg_L_outlier; ,Temperature_Total_Deg._C_mad; 
Rainbow,44.6,1.1605,7.357500000000001,2192.8283779395706,23.205,0.125,373.1,8.3,6980.51331,2022.086145,2003,4,Nitrate-Nitrite_N_mg_L_outlier; ,pH_Total_SU_mad; 
Rainbow,38.68333333333334,1.2296666666666667,7.609999999999999,2017.4947966816835,22.916666666666668,0.10833333370586236,377.0,8.6,3962.4827666666674,1219.86775,2004,1,Nitrate-Nitrite_N_mg_L_outlier; ,
Rainbow,44.775,1.2265000000000001,7.5,2234.741763707338,23.1,0.1274999976158142,380.43,9.2,5335.230355,2078.2601350000004,2004,2,Nitrate-Nitrite_N_mg_L_outlier; ,
Rainbow,45.975,1.3786749999999999,7.5275,2294.517340653971,23.33625,0.12874999921768904,377.56,7.1,5004.568358750001,929.7454174999999,2004,3,Nitrate-Nitrite_N_mg_L_outlier; ,
Rainbow,41.45,1.375,7.585,2182.908449057769,23.095000000000002,0.11499999836087227,374.44,8.3,4734.3563725,1335.0918324999998,2004,4,Nitrate-Nitrite_N_mg_L_outlier; ,
Rainbow,39.78,1.3401399999999999,7.627999999999998,2141.153968857463,22.794,0.11599999889731408,378.47,8.6,4427.246034999999,1378.5245369999998,2005,1,Nitrate-Nitrite_N_mg_L_outlier; ,
Rainbow,41.275,1.3,7.2524999999999995,2143.01821087475,23.0825,0.1174999987706542,382.2,9.2,9309.046320000001,3743.341895,2005,2,Nitrate-Nitrite_N_mg_L_outlier; CO2_Flux_mmol_m2_d_outlier; ,pH_Total_SU_mad; pCO2_microatm_mad; CO2_Flux_mmol_m2_d_mad; 
Rainbow,40.75,1.459666666666667,7.5566666666666675,1946.2660615658326,23.21166666666667,0.11333333266278107,379.40333333333336,6.966666666666666,4792.724843333333,833.359625,2005,3,Nitrate-Nitrite_N_mg_L_outlier; ,
Rainbow,30.15,1.445,7.664999999999999,1498.8056719111094,23.869999999999997,0.08999999798834324,382.36,7.1,2523.79651,429.38219000000004,2006,3,Nitrate-Nitrite_N_mg_L_outlier; ,Calcium_Dissolved_mg_L_mad; Alkalinity_Total_umol_kg_mad; Temperature_Total_Deg._C_mad; Salinity_psu_mad; 
Rainbow,31.5,1.46,7.91,1592.8656620596698,22.854999999999997,0.09499999694526196,382.93,8.6,1565.9882599999999,402.474745,2007,1,Nitrate-Nitrite_N_mg_L_outlier; ,Calcium_Dissolved_mg_L_mad; pH_Total_SU_mad; Alkalinity_Total_umol_kg_mad; Salinity_psu_mad; 
Rainbow,33.0,1.545,7.645,1603.774233421157,22.97,0.09499999694526196,386.41,9.2,2825.11009,1022.73257,2007,2,Nitrate-Nitrite_N_mg_L_outlier; ,Calcium_Dissolved_mg_L_mad; Alkalinity_Total_umol_kg_mad; Salinity_psu_mad; 
Rainbow,32.25,1.49,8.0,1583.7948769819027,23.16,0.09999999776482582,384.49,7.1,17124.592115,3365.7321899999997,2007,3,Nitrate-Nitrite_N_mg_L_outlier; pH_Total_SU_outlier; pCO2_microatm_outlier; CO2_Flux_mmol_m2_d_outlier; ,Calcium_Dissolved_mg_L_mad; pH_Total_SU_mad; Alkalinity_Total_umol_kg_mad; Salinity_psu_mad; pCO2_microatm_mad; CO2_Flux_mmol_m2_d_mad; 
Rainbow,41.6,1.4325,7.555000000000001,2075.9402232260168,23.061666666666667,0.1199999979386727,381.14,8.3,4523.987179999999,1268.44872,2007,4,Nitrate-Nitrite_N_mg_L_outlier; ,
Rainbow,41.55,1.6216666666666668,7.453333333333333,2091.998586748116,22.893333333333334,0.12999999895691872,385.44,8.6,5909.4382516666665,1880.3287966666664,2008,1,Nitrate-Nitrite_N_mg_L_outlier; ,
Rainbow,43.75,1.6216666666666668,7.4866666666666655,2092.2543771895557,23.02,0.1233333336810271,387.16,9.2,5426.73848,2114.691965,2008,2,Nitrate-Nitrite_N_mg_L_outlier; ,
Rainbow,44.4,1.5650000000000002,7.531666666666667,2116.235671191734,22.900000000000002,0.12666666631897291,385.71,7.1,5000.870275,929.0609549999999,2008,3,Nitrate-Nitrite_N_mg_L_outlier; ,
Rainbow,41.51666666666666,1.62,7.541666666666668,2031.130114933456,22.991666666666664,0.12499999875823657,382.92,8.3,4614.382231666667,1296.10047,2008,4,Nitrate-Nitrite_N_mg_L_outlier; ,
Rainbow,39.61666666666667,1.6449999999999998,7.601666666666667,2014.8166121640295,23.041666666666668,0.12333333119750023,386.94,8.6,3945.555358333333,1210.2125183333333,2009,1,Nitrate-Nitrite_N_mg_L_outlier; ,
Rainbow,41.56666666666666,1.585,7.531666666666667,2084.9288531332936,23.043333333333333,0.12499999875823657,389.43,9.2,5487.254454999999,2139.076415,2009,2,Nitrate-Nitrite_N_mg_L_outlier; ,
Rainbow,43.199999999999996,1.2251666666666667,7.5233333333333325,2098.556266038146,23.03333333333333,0.12499999875823657,385.94,6.9,5030.844866666666,871.448155,2009,3,Nitrate-Nitrite_N_mg_L_outlier; ,
Rainbow,44.63333333333333,1.6966666666666665,7.531666666666666,2068.971232632176,23.060000000000002,0.12499999875823657,384.39,8.3,4798.495835000001,1351.4309666666666,2009,4,Nitrate-Nitrite_N_mg_L_outlier; ,
Rainbow,42.85,1.68,7.441666666666666,2038.750502902977,23.028333333333336,0.12499999875823657,388.52,8.6,6042.0802533333335,1922.8480866666669,2010,1,Nitrate-Nitrite_N_mg_L_outlier; ,
Rainbow,40.68333333333334,1.71,7.488333333333333,2057.036391352581,22.986666666666668,0.11833333410322666,392.54,9.2,5639.430528333333,2202.20665,2010,2,Nitrate-Nitrite_N_mg_L_outlier; ,
Rainbow,42.55,1.7216666666666667,7.4700000000000015,2033.1277846717867,22.96166666666667,0.12166666425764561,390.22,7.1,5653.547930000001,1059.2905316666665,2010,3,Nitrate-Nitrite_N_mg_L_outlier; ,
Rainbow,43.13333333333333,1.7566666666666666,7.593333333333334,2109.948190459158,22.846666666666664,0.125,387.2,8.3,4408.001988333333,1232.4997700000001,2010,4,Nitrate-Nitrite_N_mg_L_outlier; ,
Rainbow,40.51666666666667,1.7516666666666667,7.536666666666666,2177.3136720323373,22.995,0.12333333243926366,391.24,8.6,4964.620415,1555.7724449999998,2011,1,Nitrate-Nitrite_N_mg_L_outlier; ,
Rainbow,40.71666666666667,1.8116666666666665,7.3566666666666665,2111.9071795076743,22.90833333333333,0.12499999937911828,393.32,9.2,7230.436436666667,2870.004183333333,2011,2,Nitrate-Nitrite_N_mg_L_outlier; ,pH_Total_SU_mad; CO2_Flux_mmol_m2_d_mad; 
Rainbow,42.849999999999994,1.7966666666666666,7.426666666666667,2083.967968342177,22.97666666666667,0.12499999875823657,392.42,7.1,6733.550866666667,1276.1920949999999,2011,3,Nitrate-Nitrite_N_mg_L_outlier; ,
Rainbow,43.383333333333326,1.8333333333333333,7.45,2065.0980477265257,22.825,0.12666666631897291,388.96,8.3,5825.814836666667,1666.0798016666668,2011,4,Nitrate-Nitrite_N_mg_L_outlier; ,
Rainbow,43.699999999999996,1.8499999999999996,7.526666666666666,2215.2165238374523,22.973333333333333,0.12833333450059095,393.62,9.1,5330.82717,2000.9094666666667,2012,1,Nitrate-Nitrite_N_mg_L_outlier; ,
Rainbow,41.88333333333333,1.705,7.550000000000001,2155.0790618752303,22.968333333333334,0.125,396.18,9.2,5207.340891666667,2019.7977783333336,2012,2,Nitrate-Nitrite_N_mg_L_outlier; ,
Rainbow,43.86666666666667,1.785,7.5,2213.1882112877247,23.051666666666666,0.12666666756073633,394.29,7.1,5527.002635,1032.6699133333334,2012,3,Nitrate-Nitrite_N_mg_L_outlier; ,
Rainbow,43.849999999999994,1.8133333333333332,7.548333333333333,2232.4641382238838,23.028333333333332,0.125,391.01,8.3,5183.123971666667,1467.5560216666665,2012,4,Nitrate-Nitrite_N_mg_L_outlier; ,
Rainbow,44.86666666666667,1.8216666666666665,7.545000000000001,2168.9652687048288,23.099999999999998,0.12333333243926366,395.54,8.6,5428.187910000001,1711.4700733333332,2013,1,Nitrate-Nitrite_N_mg_L_outlier; ,
Rainbow,41.96666666666666,1.8150000000000002,7.513333333333333,2164.667439954679,23.060000000000002,0.12666666631897291,398.35,9.2,5678.018291666666,2215.127345,2013,2,Nitrate-Nitrite_N_mg_L_outlier; ,
Rainbow,43.083333333333336,1.7866666666666664,7.606666666666668,2235.842614198262,22.94333333333334,0.13000000144044557,397.2,7.1,4638.584656666667,853.6625316666665,2013,3,Nitrate-Nitrite_N_mg_L_outlier; ,
Rainbow,44.833333333333336,1.765,7.541666666666668,2147.4254446952264,23.008333333333336,0.1283333313961824,393.66,8.3,5793.89587,1654.1787716666668,2013,4,Nitrate-Nitrite_N_mg_L_outlier; ,
Rainbow,40.98333333333333,1.785,7.535,2181.3029019615283,23.021666666666665,0.12666666756073633,397.8,8.6,5257.196283333334,1652.9028500000002,2014,1,Nitrate-Nitrite_N_mg_L_outlier; ,
Weeki Wachee,52.0,0.4,7.5649999999999995,2590.844010155175,24.299999999999997,0.15000000223517418,354.13,8.3,4074.912125,1133.2191599999999,1993,4,,
Weeki Wachee,54.5,0.28500000000000003,7.6,2810.189649394676,24.1,0.15000000223517418,359.39,7.1,4467.726404999999,822.98421,1994,3,,Nitrate-Nitrite_N_mg_L_mad; 
Weeki Wachee,50.0,0.542,7.41,2680.67608528189,23.9,0.10000000149011612,356.09,8.3,6474.00191,1866.8227,1994,4,,
Weeki Wachee,55.0,0.414,7.62,2770.980288529268,23.3,0.20000000298023224,359.87,8.6,3691.3063,1131.09294,1995,1,,pH_Total_SU_mad; 
Weeki Wachee,54.0,0.474,7.5600000000000005,2730.9780604654557,23.5,0.20000000298023224,361.76,9.4,4192.41558,1719.46287,1995,2,,
Weeki Wachee,53.0,0.482,7.63,2750.2977300725665,24.1,0.10000000149011612,361.7,7.1,3772.80425,683.30097,1995,3,,pH_Total_SU_mad; CO2_Flux_mmol_m2_d_mad; 
Weeki Wachee,54.0,0.793,7.61,2690.2392341055624,24.5,0.10000000149011612,357.97,8.3,3885.8609,1074.06516,1995,4,,pH_Total_SU_mad; 
Weeki Wachee,49.0,0.539,7.42,2713.0670871013085,24.25,0.20000000298023224,363.18,9.1,5502.26772,2108.41457,1996,1,,
Weeki Wachee,52.0,0.577,7.53,2690.5753620104133,24.0,0.10000000149011612,364.51,9.2,4645.18711,1788.93514,1996,2,,
Weeki Wachee,54.28,0.57,7.51,2750.5014894057063,23.8,0.10000000149011612,363.53,7.1,4961.10954,921.99877,1996,3,,
Weeki Wachee,49.0,0.447,7.1000000000000005,2710.6391489795365,23.8,0.10000000149011612,359.54,8.3,12597.4508,3735.18449,1996,4,pCO2_microatm_outlier; CO2_Flux_mmol_m2_d_outlier; ,pCO2_microatm_mad; CO2_Flux_mmol_m2_d_mad; 
Weeki Wachee,49.0,0.546,7.5600000000000005,2690.5753620104133,24.0,0.10000000149011612,363.04,8.6,4334.07123,1345.18986,1997,1,,
Weeki Wachee,50.0,0.561,7.5600000000000005,2691.239848571591,23.3,0.20000000298023224,366.25,9.2,4120.80378,1572.63143,1997,2,,
Weeki Wachee,49.5,0.569,7.26,2729.817008020031,24.9,0.10000000149011612,364.32,7.1,8901.93697,1705.6686,1997,3,Temperature_Total_Deg._C_outlier; ,Temperature_Total_Deg._C_mad; pCO2_microatm_mad; 
Weeki Wachee,53.3,0.584,7.46,2770.5067933965383,24.0,0.20000000298023224,360.71,8.3,5395.11614,1534.73307,1997,4,,
Weeki Wachee,50.1,0.619,7.47,2651.3696285927526,23.3,0.20000000298023224,365.17,8.6,4991.48274,1570.73083,1998,1,,
Weeki Wachee,48.8,0.625,7.3500000000000005,2591.1214614499995,24.0,0.20000000298023224,368.61,9.2,6506.01866,2563.73071,1998,2,,
Weeki Wachee,51.5,0.55,7.29,2631.0498616702084,23.9,0.20000000298023224,367.73,7.1,7570.35888,1443.22205,1998,3,,
Weeki Wachee,49.9,0.677,7.45,2611.181930902046,23.8,0.20000000298023224,364.35,8.3,5190.31443,1472.29139,1998,4,,
Weeki Wachee,51.1,0.589,7.41,2651.112284424835,23.7,0.20000000298023224,368.09,8.6,5772.84038,1832.11464,1999,1,,
Weeki Wachee,52.2,0.529,7.3,2670.7111252321733,23.9,0.10000000149011612,370.96,9.2,7835.55255,3120.68266,1999,2,,CO2_Flux_mmol_m2_d_mad; 
Weeki Wachee,132.6,0.4565,7.359999999999999,2601.9075249608086,24.45,6.250000096857548,369.26,7.1,4839.043845,878.154,1999,3,Calcium_Dissolved_mg_L_outlier; Salinity_psu_outlier; ,
Weeki Wachee,132.9,0.5275000000000001,7.390000000000001,2711.2402600140476,24.1,5.650000192224979,365.35,8.3,4527.288015,1240.018325,1999,4,Calcium_Dissolved_mg_L_outlier; Salinity_psu_outlier; ,
Weeki Wachee,119.7,0.548,7.41,2671.0384688705517,23.4,5.350000001490116,369.23,8.6,4321.21104,1317.61337,2000,1,Salinity_psu_outlier; ,
Weeki Wachee,145.45,0.49649999999999994,7.37,2673.734798759878,24.0,7.100000001490116,371.82,9.2,4647.336685,1745.3614750000002,2000,2,Calcium_Dissolved_mg_L_outlier; Salinity_psu_outlier; ,
Weeki Wachee,144.35,0.5105,7.45,2583.0746088648966,24.299999999999997,6.850000001490116,369.91,7.1,4350.99287,787.13009,2000,3,Calcium_Dissolved_mg_L_outlier; Salinity_psu_outlier; ,
Weeki Wachee,138.7,0.4635,7.4,2532.2773275024006,23.7,6.250000096857548,366.99,8.3,4119.911825,1121.049035,2000,4,Calcium_Dissolved_mg_L_outlier; Salinity_psu_outlier; ,
Weeki Wachee,143.35,0.39949999999999997,7.465,2749.164313311732,23.3,4.299999810755253,370.52,8.6,3942.9832349999997,1191.825465,2001,1,Calcium_Dissolved_mg_L_outlier; ,
Weeki Wachee,119.4,0.587,7.24,2950.0471725070915,24.25,5.100000001490116,373.37,9.2,7294.35746,2842.867415,2001,2,,Alkalinity_Total_umol_kg_mad; CO2_Flux_mmol_m2_d_mad; 
Weeki Wachee,146.55,0.4335,7.345000000000001,2871.5709260652493,24.35,5.850000001490116,371.58,7.1,5343.0724900000005,973.139755,2001,3,Calcium_Dissolved_mg_L_outlier; Salinity_psu_outlier; ,
Weeki Wachee,105.25,0.6019,7.42,2642.347144231663,23.7,6.049999810755253,368.42,8.3,4063.50262,1100.5974150000002,2001,4,Salinity_psu_outlier; ,
Weeki Wachee,102.5025,0.62925,7.4,2919.6071361986433,23.799999999999997,4.650000192224979,372.43,8.6,4851.962845,1488.868465,2002,1,,Alkalinity_Total_umol_kg_mad; 
Weeki Wachee,121.9,0.621,7.41,2782.123712194103,24.1,6.049999810755253,375.0,9.2,4395.4606650000005,1637.7462,2002,2,Salinity_psu_outlier; ,
Weeki Wachee,113.9,0.505,7.375,2881.5391990360376,24.6,5.900000192224979,374.0,7.1,5000.22717,904.819975,2002,3,Salinity_psu_outlier; ,
Weeki Wachee,112.6,0.6950000000000001,7.325,2862.2397372683135,24.12,5.9499999061226845,370.51,8.3,5523.00289,1531.6952999999999,2002,4,Salinity_psu_outlier; ,
Weeki Wachee,87.0,0.605,7.255000000000001,2925.7601549253695,23.02,2.550000049173832,374.87,8.6,7349.335574999999,2351.176755,2003,1,,Alkalinity_Total_umol_kg_mad; 
Weeki Wachee,105.9,0.7275,7.300000000000001,2749.4385480017863,23.810000000000002,4.549999810755253,377.73,9.2,5844.9672900000005,2249.032945,2003,2,,
Weeki Wachee,76.0,0.813,7.23,2694.284283757415,24.005000000000003,1.950000025331974,376.72,7.1,7429.133024999999,1399.90068,2003,3,,
Weeki Wachee,82.65,0.8069999999999999,7.29,2595.222687984142,23.755,2.300000000745058,373.1,8.3,6170.081565,1753.792625,2003,4,,
Weeki Wachee,66.73333333333333,0.766,7.413333333333333,2779.736723120941,23.326666666666664,1.266666700442632,377.0,8.6,5384.689103333333,1691.4430833333333,2004,1,,
Weeki Wachee,75.55,0.8295,7.4,2664.2029090720166,23.495,1.7499999776482582,380.43,9.2,4957.916875,1903.95021,2004,2,,
Weeki Wachee,85.25,0.7369749999999999,7.2575,2808.087421651585,23.9375,2.3749999068677425,377.56,7.1,7550.533240000001,1423.2409850000001,2004,3,,
Weeki Wachee,68.63333333333334,0.8976333333333333,7.326666666666667,2762.205648151756,23.793333333333333,1.2333333194255829,374.44,8.3,6492.36508,1857.6812266666666,2004,4,,Nitrate-Nitrite_N_mg_L_mad; 
Weeki Wachee,51.86666666666667,0.7688999999999999,7.355,2854.4475121324567,23.3075,1.125000026077032,378.47,8.6,6441.9315025,2052.2362924999998,2005,1,,
Weeki Wachee,75.56666666666666,0.7200333333333333,7.236666666666667,2720.554016568269,23.810000000000002,1.9000000655651093,382.2,9.2,8487.387396666667,3374.375416666667,2005,2,CO2_Flux_mmol_m2_d_outlier; ,CO2_Flux_mmol_m2_d_mad; 
Weeki Wachee,76.4,0.7955000000000001,7.255000000000001,2658.905145978145,23.765,1.6499999538064003,379.745,7.0,7047.663925,1276.4967550000001,2005,3,,
Weeki Wachee,85.75,0.786,7.355,2608.777784125595,23.825,2.6499999538064003,376.81,8.3,5159.0529,1444.70201,2005,4,,
Weeki Wachee,89.55,0.7355,7.34,2681.272792523297,23.415,2.850000001490116,381.38,8.6,5522.66491,1728.87193,2006,1,,
Weeki Wachee,122.65,0.5545,7.220000000000001,2772.990798795846,22.835,5.850000001490116,384.78,9.2,6918.175584999999,2691.25749,2006,2,Salinity_psu_outlier; ,Temperature_Total_Deg._C_mad; 
Weeki Wachee,209.0,0.657,7.14,2548.0052839082837,24.27,12.199999809265137,382.36,7.1,5423.82601,955.98629,2006,3,Calcium_Dissolved_mg_L_outlier; Salinity_psu_outlier; ,
Weeki Wachee,126.15,0.648,7.26,2752.993014340538,23.4,5.850000001490116,379.12,8.3,6496.3028699999995,1840.229955,2006,4,Salinity_psu_outlier; ,
Weeki Wachee,179.0,0.774,7.18,2626.4809474166955,23.78,10.0,382.93,8.6,5305.40349,1596.10958,2007,1,Calcium_Dissolved_mg_L_outlier; Salinity_psu_outlier; ,
Weeki Wachee,207.0,0.649,7.18,2593.8220023799317,22.79,12.5,386.41,9.2,4947.07189,1810.29814,2007,2,Calcium_Dissolved_mg_L_outlier; Salinity_psu_outlier; ,Temperature_Total_Deg._C_mad; 
Weeki Wachee,295.0,0.074,7.16,2689.032025969432,24.04,19.299999237060547,384.49,7.1,4947.26247,838.60594,2007,3,Calcium_Dissolved_mg_L_outlier; Salinity_psu_outlier; ,Calcium_Dissolved_mg_L_mad; Nitrate-Nitrite_N_mg_L_mad; Salinity_psu_mad; 
Weeki Wachee,125.8,0.7364999999999999,7.255,2760.7043417270397,23.740000000000002,5.299999810755253,381.14,8.3,6324.93512,1775.21509,2007,4,Salinity_psu_outlier; ,
Weeki Wachee,99.63333333333333,0.4043333333333334,7.156666666666666,2534.1350110687144,22.53333333333333,4.233333254853885,385.44,8.6,8228.075596666667,2643.0489266666664,2008,1,,Temperature_Total_Deg._C_mad; 
Weeki Wachee,170.86666666666667,0.31933333333333336,7.07,2921.2436883081937,23.396666666666665,8.133333270748457,387.16,9.2,9458.036456666667,3678.8723066666666,2008,2,Calcium_Dissolved_mg_L_outlier; Salinity_psu_outlier; CO2_Flux_mmol_m2_d_outlier; ,Alkalinity_Total_umol_kg_mad; pCO2_microatm_mad; CO2_Flux_mmol_m2_d_mad; 
Weeki Wachee,162.54999999999998,0.38425000000000004,7.125,3016.127952134595,23.5425,7.850000001490116,385.325,7.049999999999999,11735.0953125,2155.80892,2008,3,Calcium_Dissolved_mg_L_outlier; Salinity_psu_outlier; pCO2_microatm_outlier; ,Alkalinity_Total_umol_kg_mad; pCO2_microatm_mad; 
Weeki Wachee,155.05,0.6845,7.3175,2707.000510201635,23.924999999999997,7.775000192224979,382.92,8.3,5749.491102499999,1606.5505475,2008,4,Calcium_Dissolved_mg_L_outlier; Salinity_psu_outlier; ,
Weeki Wachee,159.5,0.39633333333333337,7.196666666666666,2743.0420305554476,23.24666666666667,8.966666604081789,386.94,8.6,6240.7392033333335,1916.5410133333332,2009,1,Calcium_Dissolved_mg_L_outlier; Salinity_psu_outlier; ,
Weeki Wachee,191.26666666666665,0.4446666666666667,7.3133333333333335,2765.3569573174245,23.71666666666667,11.566666349768639,389.43,9.2,4834.425956666667,1788.0165866666666,2009,2,Calcium_Dissolved_mg_L_outlier; Salinity_psu_outlier; ,
Weeki Wachee,125.35,0.41424999999999995,7.0475,3022.6107751963546,23.470000000000002,5.050000049173832,387.78,7.1,12852.430275,2470.2024375,2009,3,pCO2_microatm_outlier; ,Alkalinity_Total_umol_kg_mad; pCO2_microatm_mad; 
Weeki Wachee,129.77499999999998,0.5865,7.2175,2841.604446246212,23.5275,6.350000001490116,384.39,8.3,7164.030035,2014.2419,2009,4,Salinity_psu_outlier; ,
Weeki Wachee,159.65,0.5315000000000001,7.1325,2762.649428921267,22.98,8.375000048428774,388.52,8.6,7325.7008575,2288.329355,2010,1,Calcium_Dissolved_mg_L_outlier; Salinity_psu_outlier; ,
Weeki Wachee,146.0,0.5735,7.1575,2660.35232177238,23.249999999999996,8.150000024586916,392.54,9.2,6811.7681250000005,2606.97077,2010,2,Calcium_Dissolved_mg_L_outlier; Salinity_psu_outlier; ,
Weeki Wachee,187.225,0.51875,7.225,2587.8624635391843,23.865000000000002,11.19999985769391,390.22,7.1,5206.896912499999,921.6626725000001,2010,3,Calcium_Dissolved_mg_L_outlier; Salinity_psu_outlier; ,
Weeki Wachee,182.5,0.6346,7.218000000000001,2662.2407020219425,23.46,9.520000153779984,387.2,8.3,6017.792426,1661.6121020000003,2010,4,Calcium_Dissolved_mg_L_outlier; Salinity_psu_outlier; ,
Weeki Wachee,165.85,0.535,7.2075000000000005,2843.6955528845438,22.8975,9.975000191479921,391.24,8.6,6156.3024675,1881.3117799999998,2011,1,Calcium_Dissolved_mg_L_outlier; Salinity_psu_outlier; ,
Weeki Wachee,91.98,0.4788,7.0,2672.3855451692475,23.335,3.3000001132488253,393.32,9.2,18870.467942,7749.7452140000005,2011,2,pCO2_microatm_outlier; CO2_Flux_mmol_m2_d_outlier; ,pCO2_microatm_mad; CO2_Flux_mmol_m2_d_mad; 
Weeki Wachee,188.675,0.53775,7.1325,2750.1447649092943,23.8475,11.000000048428774,392.42,7.1,6993.796202500001,1262.317125,2011,3,Calcium_Dissolved_mg_L_outlier; Salinity_psu_outlier; ,
Weeki Wachee,157.06,0.6722,7.2379999999999995,2631.695735757627,23.490000000000002,9.300000077486038,388.96,8.3,5611.430696,1531.819372,2011,4,Calcium_Dissolved_mg_L_outlier; Salinity_psu_outlier; ,
Weeki Wachee,191.55,0.65675,7.3175,2551.6990643530776,23.5275,13.07499985769391,393.12,8.6,4109.0780475,1187.1437799999999,2012,1,Calcium_Dissolved_mg_L_outlier; Salinity_psu_outlier; ,
Weeki Wachee,202.75,0.4525,7.2325,3002.3331159822114,24.1725,14.725000191479921,396.18,9.2,5597.0448275,2044.0244575000002,2012,2,Calcium_Dissolved_mg_L_outlier; Salinity_psu_outlier; ,Alkalinity_Total_umol_kg_mad; 
Weeki Wachee,103.38000000000002,0.682,7.168000000000001,2613.888764627539,24.22,4.51999996304512,393.91400000000004,7.06,8356.012866,1529.039256,2012,3,,
Weeki Wachee,120.24000000000001,0.7162,7.196000000000001,2793.19568081737,23.48,6.700000077486038,391.01,8.3,7025.434143999999,1969.5985920000003,2012,4,Salinity_psu_outlier; ,
Weeki Wachee,153.26,0.6895999999999999,7.246,2854.008497064051,23.644000000000005,8.140000039339066,395.54,8.6,6115.539122,1869.98087,2013,1,Calcium_Dissolved_mg_L_outlier; Salinity_psu_outlier; ,
Weeki Wachee,192.775,0.5864999999999999,7.23,2740.460725139854,23.737499999999997,11.524999905377626,398.35,9.2,5361.2916125,1972.9751474999998,2013,2,Calcium_Dissolved_mg_L_outlier; Salinity_psu_outlier; ,
Weeki Wachee,131.94,0.47379999999999994,7.145999999999999,2928.207260538592,23.663999999999998,6.719999867677688,397.2,7.1,9024.637434,1692.7167239999999,2013,3,Salinity_psu_outlier; ,Alkalinity_Total_umol_kg_mad; pCO2_microatm_mad; 
Weeki Wachee,133.48,0.637,7.194,2702.642611286792,23.892000000000003,6.16000002026558,393.66,8.3,7192.708344000001,2026.634,2013,4,Calcium_Dissolved_mg_L_outlier; Salinity_psu_outlier; ,
Weeki Wachee,139.44,0.6459999999999999,7.272,2880.420627718512,23.446000000000005,7.48000000119208,397.8,8.6,5842.56248,1788.3359800000003,2014,1,Calcium_Dissolved_mg_L_outlier; Salinity_psu_outlier; ,
